Type,SKU,Name,Published,Visibility in catalog,Description,Regular price
simple,7771257590158,Mini Crackers Galletitas X 35 g,1,visible,Galletas de Harina de trigo fortificado,0.50
simple,7771258280102,Mix Snack Crocantes X 20 g,1,visible,Chicharon,2.00
simple,7771214000300,FLEISCHMANN X 20 g,1,visible,Levadura Seca Actica,4.00
simple,7790010959780,Johnson's Baby Aceite X 100 ml,1,visible,Baby Aceite,18.00
simple,41407666277,HOMBRE Roll-On X 3 oz,1,visible,Roll-On,0.00
simple,7771718070021,Chocolike Inst Bolsa X 1 kg,1,visible,Alimento achocolatado en polvo,32.00
simple,7804920018779,Ballerina Shampoo Doypack Brillo Luminoso X 900 ml,1,visible,Brillo luminoso con manzanilla para cabello claro,14.00
simple,7804920005861,Ballerina Shampoo Doypack Micelar Bajopoo X 900 ml,1,visible,Micelar con agua de coco y flor de cactus.,14.00
simple,777290500036,Pil Leche Fresca Natural X 946 ml,1,visible,,6.00
simple,7772905005710,Pil Leche Deslactosada Light X 800 ml,1,visible,,8.00
simple,7772905004362,Pil Leche Deslactosada Larga Vida X 800 ml,1,visible,,7.30
simple,7771259751502,Pilfrut Piña X 200 ml,1,visible,,1.00
simple,7771259751489,Pilfrut Durazno X 200 ml,1,visible,,1.00
simple,7771259751496,Pilfrut Manzana X 200 ml,1,visible,,1.00
simple,7771621060690,Pil Juguito Manzana X 150 ml,1,visible,,2.00
simple,7772905003747,Pulp Jugo Nectar Manzana X 145 ml,1,visible,,2.00
simple,7772905003730,Pil Juguito Durazno X 150 ml,1,visible,,2.00
simple,7773103000194,Margarina Regia X 800 g,1,visible,,22.00
simple,7891300902056,Extracto de tomate Cajamar X 140 g,1,visible,,3.50
simple,7773103000163,Margaria Regia X 215 g,1,visible,,8.00
simple,7772905002733,Margarina Reyna X 100 g,1,visible,,3.50
simple,7792260000052,Mermelada de Ciruela Orieta X 100 g,1,visible,,7.00
simple,7792260231388,Mermelada de Frutilla Orieta X 500 g,1,visible,,7.00
simple,7792260000021,Mermelada de Durazno Orieta X 500 g,1,visible,,7.00
simple,7792260231043,Mermelada Mix Frutal Orieta X 100 g,1,visible,,7.00
simple,7772905000029,Dulce de Leche Pil X 250 g,1,visible,,9.00
simple,1,Mermelada de Durazno Amazonas c X 200 g,1,visible,,4.00
simple,2,Mermelada de Frutilla Amazonas X 200 g,1,visible,,4.00
simple,7613035814776,Cebada Instantanea Ecco X 190 g,1,visible,,13.00
simple,7802950009408,Manjar Nestle X 200 g,1,visible,,7.00
simple,7771718070045,Choco Like X 400 g,1,visible,,12.00
simple,7772905000920,Mantequilla Pil X 100 g,1,visible,,8.00
simple,7790430017121,Nido Crecimiento 1+ (1-3ā) Nestle X 0 g,1,visible,,25.00
simple,7770105009149,Digestan Compuesto Vita X 575 g,1,visible,,3.50
simple,781000286449,Nescafe Original X 230 g,1,visible,,24.00
simple,7801800100012,Aconcagua Duraznos al Almibar X 0 g,1,visible,,13.00
simple,789604110401,Fiambre Viandada X 320 g,1,visible,,8.00
simple,3,Polvo Efervecente Eno X 5 g,1,visible,,2.00
simple,7790360710109,Viandada Pan de Carne X 332 g,1,visible,,11.00
simple,7771609000496,Powerade Cocacola X 473 ml,1,visible,,6.00
simple,9002490100070,RedBull X 250 ml,1,visible,,10.00
simple,7772106003461,Paceña Lata X 354 ml,1,visible,,9.00
simple,7772115420044,Malta Real X 350 ml,1,visible,,5.00
simple,7772106006158,Maltin X 473 ml,1,visible,,5.00
simple,7751271049184,Leche Evaporada Pura Vida X 400 g,1,visible,,7.00
simple,7896041156010,Granos de Choclo Oderich X 200 g,1,visible,,6.00
simple,7772904000143,Leche Condensada Pil X 397 g,1,visible,,10.00
simple,8716200674850,Leche Evaporada Bella Holandesa X 410 g,1,visible,,9.00
simple,7771214001390,Mostaza Kris X 50 g,1,visible,,1.50
simple,7771214001383,Ketchup Kris X 50 g,1,visible,,1.50
simple,7771214001109,Mayonesa Kris X 50 cm³,1,visible,,1.50
simple,7771214005244,Mayonesa Picante Kris X 50 cm³,1,visible,,1.50
simple,7771800000004,Cafe Chiriguano X 250 g,1,visible,,10.00
simple,7771805000078,Cafe Copacabana X 250 g,1,visible,,12.00
simple,7772905004621,Leche en Polvo PIL X 370 g,1,visible,,22.00
simple,7770108360018,Cafe Criollo X 50 g,1,visible,,2.00
simple,7772905002412,Leche en Polvo PIL X 120 g,1,visible,,9.00
simple,7771711000469,Cocoa Organica CEIBO X 150 g,1,visible,,11.00
simple,4,API Amarillo Maria X 145 g,1,visible,,2.50
simple,5,API Morado Maria X 145 g,1,visible,,2.50
simple,87162523,Leche Condensada Bella Holandesa  X 78 g,1,visible,Sabor Dulce Condensado,3.50
simple,7773004010216,Gelatina Ruby's Piña X 240 g,1,visible,,4.00
simple,7773004010223,Gelatina Ruby's Uva X 240 g,1,visible,,4.00
simple,7773004010162,Gelatina Ruby's Naranja X 240 g,1,visible,,4.00
simple,7773004010209,Gelatina Ruby's Limon X 240 g,1,visible,,4.00
simple,7773004010124,Gelatina Ruby's Fresa X 240 g,1,visible,,4.00
simple,7772830210012,Gelatina Aroma Fresa X 250 g,1,visible,,4.00
simple,7772830210357,Gelatina Aroma Uva X 250 g,1,visible,,4.00
simple,7772830210043,Gelatina Aroma Durazno X 250 g,1,visible,,4.00
simple,7772830210029,Gelatina Aroma Naranja X 250 g,1,visible,,4.00
simple,7772802000054,Gelatina Aroma Limon X 250 g,1,visible,,4.00
simple,7772830210333,Gelatina Aroma Frambuesa X 240 g,1,visible,,4.00
simple,7772802000047,Gelatina Frutigel Piña X 250 g,1,visible,,4.00
simple,7772802000023,Gelatina Frutigel Fresa X 250 g,1,visible,,4.00
simple,7773004010100,Chocomilko X 180 g,1,visible,,5.00
simple,7771718070038,Choco Like X 200 g,1,visible,,6.00
simple,7773004010087,Cocoa Milko X 180 g,1,visible,,8.00
simple,7772802000221,Choco Piter X 60 g,1,visible,,2.00
simple,7772802000016,Cocos Piter X 50 g,1,visible,,3.00
simple,7771257130033,Lenteja Q'rico X 450 g,1,visible,,6.00
simple,7771805000092,Cafe Copacabana X 50 g,1,visible,,2.50
simple,6,Cafe Chiriguano X 40 g,1,visible,,1.50
simple,7702425802148,Huggies Recien Nacido X 0 g,1,visible,,19.00
simple,7791293022567,Rexona MEN Motionsense V8 X 150 ml,1,visible,,15.00
simple,7501056340117,Crema de peinar Liso Perfecto Sedal X 300 ml,1,visible,,15.00
simple,7791293037790,Rexona MEN Motionsense stay fresh forest X 150 ml,1,visible,,15.00
simple,7791293022581,Rexona MEN stay fresh xtra cool X 150 ml,1,visible,,15.00
simple,8992929751021,Locion Corporal Elegante Kris X 100 ml,1,visible,,5.00
simple,8992929751090,Locion Corporal Casual Kris X 100 ml,1,visible,,5.00
simple,7791293036045,Rexona MEN stay fresh con tecnologia antioxidante pomelo & verbena X 150 ml,1,visible,,15.00
simple,8994037830902,Locion Corporal Hijab Aulia X 125 ml,1,visible,,5.00
simple,7771608000589,Coka Quina X 2 L,1,visible,,7.00
simple,4005808979813,NIVEA Black & White Clear X 150 ml,1,visible,,15.00
simple,8994037701035,Locion Corporal Musky X 125 ml,1,visible,,5.00
simple,4005900036704,Rollon Antitranspirante Black&White Nivea X 50 ml,1,visible,,12.00
simple,7791293018874,Dove MEN + X 150 ml,1,visible,Carne Antibac,18.00
simple,4005808257720,Rollon Antitranspirante Double Effect Nivea X 50 ml,1,visible,,12.00
simple,75027513,Dove original 1/4 crema humectante X 50 g,1,visible,,19.00
simple,4005808890590,Nivea Soft X 100 ml,1,visible,Crema Humectante,20.00
simple,75031016,Dove MEN +Carne X 50 g,1,visible, Antitranspirante Stick,19.00
simple,7774904280037,Gel Super extra fuerte Fixer X 60 g,1,visible,,4.00
simple,7774904280013,Gel Super extra fuerte Fixer x X 600 g,1,visible,,18.00
simple,78923454,Rollon Rexona Men V8 X 50 ml,1,visible,,12.00
simple,7750243011884,Esencia de Vainilla Fleurs X 75 ml,1,visible,,3.00
simple,7790010570626,Shampoo de Bebe Johnson's X 200 ml,1,visible,,15.00
simple,7891010037420,Polvo de almidon baby Johnson's X 50 g,1,visible,,5.00
simple,7,Don Limosin Sabor limon Verde X 750 ml,1,visible,,7.50
simple,7509546067933,Rollon Lady Speed Stick Derma renueva 3 X 50 ml,1,visible,,12.00
simple,8,TUSOY Sazonador X 500 ml,1,visible,,5.00
simple,7775000004671,Pastilla para inodoro Ola Aromatic Marina X 40 g,1,visible,,5.00
simple,6931149444032,Bebiño G Super Grande 40unidades X 0 g,1,visible,,40.00
simple,7775000004251,Pastilla para inodoros Ola Aromatic Lavanda X 40 g,1,visible,,5.00
simple,7774900002602,Blondor kit decolorante manzanilla Wella X 0 g,1,visible,,14.00
simple,6972329471233,Babyñoño XG X 0 g,1,visible,,44.00
simple,7751851005463,Insecticida Aerosol Mata Todo Sapolio X 360 ml,1,visible,,15.00
simple,7775021710018,Shampoo Selenia Sabila X 530 ml,1,visible,,7.00
simple,7891150062306,Clear Scalpfoods Shampoo Anticaspa Detox X 400 ml,1,visible,,22.00
simple,6972329471240,Babyñoño XXG X 0 g,1,visible,,46.00
simple,7791293030890,Sedal Caspa Control 2 en 1 X 340 ml,1,visible,,15.00
simple,7791293030777,Shampoo Sedal Juntas Representemos el rosa Ceramidas X 340 ml,1,visible,,15.00
simple,6932384015995,Bebiño M X 0 g,1,visible,,39.00
simple,7751851005999,Ambientador Air freshener Sapolio 6en1 Potpourri de flores X 360 ml,1,visible,,10.00
simple,9,Champu Cusi Amazonas Wetd X 650 ml,1,visible,,10.00
simple,6933192276523,Mi Bebito Nico G X 0 g,1,visible,,38.00
simple,7775005002269,Classic Emulsion Corporal Nutritiva con filtro solar X 650 ml,1,visible,,15.00
simple,7501056340124,Crema de peinar Brillo Ceramidas Sedal X 300 ml,1,visible,,15.00
simple,7777906051476,OLA Suavecito Tentaciones X 900 ml,1,visible,,12.00
simple,10,Crema lavavajilla Sapolio limon X 360 g,1,visible,,5.00
simple,7756351002202,San Lucas entero de Caballa en Salsa X 430 g,1,visible,,12.00
simple,11,Crema Lechuga Suaviza el cutis X 0 g,1,visible,,12.00
simple,7801268001807,Original Lidita Chile X 425 g,1,visible,,16.00
simple,7775000006224,Recarga Ola Maximus Antigrasa X 830 ml,1,visible,,15.00
simple,7801268001807C,Sardina Lidita Peruana X 0 g,1,visible,,10.00
simple,7771214006210,Sardina El pescador Jurel X 425 g,1,visible,,12.00
simple,7775000006132,Ola Maximus Limpia Baños X 830 ml,1,visible,,18.00
simple,7775000007801,Ola Lavavajillas Poder desengrasante limon X 1050 ml,1,visible,,14.00
simple,7775000007894,Ola Lavavajillas Poder desengrasante limon X 600 ml,1,visible,,9.00
simple,7771214006524,BrisPack Ahorro 2x15 Bs. X 0 g,1,visible,,15.00
simple,7755814000052,Atun San Lucas X 165 g,1,visible,,5.00
simple,70730004777,Fresh Fragance Aqua Net 3 extra super old X 397 g,1,visible,,25.00
simple,7753626120432,Atun Lidita Peru X 0 g,1,visible,,4.50
simple,7751271776479,Leche evaporada Pil X 400 g,1,visible,,8.00
simple,7790920008707,Picadillo de carne Safra X 90 g,1,visible,,3.50
simple,7613032415679,Nestle Crema de Leche X 236 g,1,visible,,10.00
simple,7896041110012,Salchicas Oderich X 280 g,1,visible,,7.00
simple,7750885008396,Golazo Ambrofoli X 0 g,1,visible,,18.00
simple,7840029401005,Norte Granos de Choclo X 200 g,1,visible,,6.00
simple,7750885008389,Golazo tu barra ganadora X 25 g,1,visible,,1.00
simple,7757174011099,Sapito Sabor mani werep X 270 g,1,visible,,13.00
simple,7757174010573,Sapito Sabor mani werep X 9 g,1,visible,,0.50
simple,7501058611062,Nestle Leche Evaporada Carnation Clave X 360 g,1,visible,,9.00
simple,7702011089137,Bonbonbum Cereza Intensa X 408 g,1,visible,,10.00
simple,7500435142571,Head Shoulders Hidratacion Aceite de Coco X 700 ml,1,visible,,33.00
simple,7754487000659,Aji no Sillao X 150 ml,1,visible,,0.00
simple,7754487121415,Aji no Sillao X 500 ml,1,visible,,0.00
simple,7770016810025,Chawei Salsa Soya X 250 ml,1,visible,,0.00
simple,7770016810032,Chawei Salsa Soya X 500 ml,1,visible,,0.00
simple,7770016810018,Chawei Salsa Soya X 1000 ml,1,visible,,0.00
simple,7773004010049,Te Paris con Canela X 25 g,1,visible,,0.00
simple,7771802000484,Te Ceylan con Clavo de Olor X 25 g,1,visible,,0.00
simple,7771802000309,Te Ceylan Sabor Limon X 25 g,1,visible,,0.00
simple,7896080900117,Fosforo Parana x 10 cajitas de 40 palitos X 40 g,1,visible,,0.00
simple,7896007912179,Fosforo Olho Fiat Lux x 10 cajas de 40 palitos X 40 unidades,1,visible,,0.00
simple,7896007941636,Fosforo Fiat Lux x 240 palos largos X 240 unidades,1,visible,,0.00
simple,7773004010780,"Tres mates (coca, manzanilla, anis) X 20 sobres",1,visible,,0.00
simple,7773004010759,Mix de Mates x 20 sobres X 20 sobres,1,visible,,0.00
simple,7772619001947,QUEQUE Marmolado X 34 g,1,visible,Sabor Chocolate y Vainilla,1.00
simple,3975800013062,Franzy ULFTRA SPF+70 X 120 ml,1,visible,Bloqueador En Crema,0.00
simple,7771224004619,Gemelos Helado de Agua X 70 ml,1,visible,Sabor Piña y Cherry,1.00
simple,87162523,Leche Condensada Bella Holandesa  X 78 g,1,visible,Sabor Dulce Condensado,0.00
simple,7772115180566,Trimalta Quinua X 350 ml,1,visible,Sin alcohol,5.00
simple,6937541600168,Stapler BS-1038A X 0 g,1,visible,Engrampadora de Hojas,7.00
simple,7771224002387,Brownie X 100 ml,1,visible,Helado de Crema savor vainilla con galleta de chocolate,4.00
simple,742832931021,Ke Padre Picante X 35 g,1,visible,100% Natural,1.00
simple,7779604011257,Waffer Crash X 40 g,1,visible,Sabor a Chocolate,2.00
simple,7779604010250,Yogu Stars X 70 ml,1,visible,Yogurt sabor a Frutilla,0.50
simple,176,La Calesita X 27 g,1,visible,Alfajor Blanco,0.50
simple,7772905007387,Chicolac X 140 ml,1,visible,Leche Chocolatada,1.00
simple,7772106002877,Pepsi Mega X 3 L,1,visible,Sabor cola,12.00
simple,7771609000205,Coca Cola X 2.50 L,1,visible,Sabor Original,12.00
